ID,LasVegasPos,LasVegasNeg,NewYorkCityPos,NewYorkCityNeg,NashvillePos,NashvilleNeg,LosAngelesPos,LosAngelesNeg,NewOrleansPos,NewOrleansNeg
S1,have heard Las Vegas is fun! I hope to visit one day!,was not a fan of the strippers,am so happy I was finally able to see a Broadway show,am just not a fan of big cities,"love Nashville for the food, people, and environment","wouldn't say terrible, I just hate leaving",loved the board walk!,hated all the non-stop traffic.,loved the culture and atmosphere.,spent way too much money
S2,Stayed at he Caesar hotel and went to the casino.,Spent all my money at casinos.,Saw many Broadway shows,was yelled at by taxi drivers,went line-dancing,was overpriced for dining,saw lots of celebrities,could not move freely,drank on Bourbon St.,got my phone stolen
S3,had a blast casino hopping,got way too wasted and lost all my money gambling.,went shopping and tried lots of different food,got jumped by a homeless person and attacked by pigeons.,went to a few concerts and went out to the bars after with my friends.,got arrested and got a DUI,saw movie sets and famous people.,got attacked for my beliefs,got wasted on Burbon Street for my best friends 21st.,got chased by scary men
S4,had a great time gambling.,lost all my money.,had a great time seeing a show.,could not make it to Central Park.,went on Broadway.,got kicked out of a bar.,went to the beach.,got lost.,was on bourbon street all night.,got mugged.
S5,lost a lot of money and saw some shows,got robbed,loved seeing the city at night,was not expecting it to be so filthy.,loved the music scene,had to interact with to many drunk people.,loved the hiking trails in the area.,met some very rude and belligerent people.,"just ""let the good times roll.""",was sad to see so much damage left from Katrina still.
S6,visited the casino.,lost all of my money at the casino,visited the statue of liberty,got mugged on the street,went to a rodeo,lost my ticket to the rodeo,went to many different restaurants.,got food poisoning at a restaurant.,went to Mardi gras.,got wasted and had a terrible hangover.
S7,went to lots of casinos and shows.,lost a lot of money at the casino.,saw the Statue of Liberty.,got robbed on the subway.,got to tour the Ryman theater and went bar hopping.,"Yes, the people were obnoxious and fake.",saw many celebrities.,"Yes, there were lots of interesting people.",went to Cafe du Mond for coffee and beignets.,"Yes, the city smells terrible."
S8,Went to the casino and saw music at Fremont Street,lost all of my money,got a position on wall Street.,got mugged,went to a bunch of concerts.,stuck in traffic,Went to the Laker's and Dodger's games,Crossed into the wrong neighborhood,spent all night on bourbon street.,lost my phone and wallet.
S9,went to the casino and scored big.,could not find anything to do other than going to the casino and getting food.,"went to the MET, got a tattoo, and walked around central park with a bagel.","could not get over the smell, the rats, and I got lost on the subway.",went to the rodeo and a wonderful country concert.,could not find any activities to do that did not have to do with alcohol or country music.,went to the beach and soaked up some sun. I even got a gorgeous tan.,got stuck in traffic and the public transit sucks.,"Yes,  I had amazing food and went to a psychic.","could not get over the stench of French quarter, and I hated seeing those poor horses taking people around."
S10,Won money at the casinos and ate at buffets.,Spent way too much money and it was too crowded.,I went to Times Square and saw Wicked on Broadway.,Could not get around the city at all.,Went to a line dancing class and ate good food.,I did not love the Airbnb we stayed in.,I say the Hollywood sign and Bruno Mars' House.,Spent way to much money on healthy food.,Went to a Mardi Gras parade and gumbo.,Went to Jackson Square and the smell was really bad.
S11,went to the casinos and won some extra money.,went to the casino and lost everything.,ran into multiple celebrities.,kept smelling garbage and was almost attacked by a homeless person.,went to the best restaurants.,Yes the traffic was so bad we couldn't go anywhere,went to the baseball game and caught a fly ball,couldn’t walk up and down the hills of the city without stopping to catch my breath.,went to several different museums and stopped by Café du monde,got into a fight with a homeless guy on bourbon.
S12,went to the sphere,lost money gambling,saw a great show on Broadway,couldn't afford to do much,I saw some live music,thought there was going to be more to do,went to the beach and saw the Angels play,the traffic was terrible you couldn't get anywhere,hung out on Bourbon street and saw the saints the saints play,didn't feel safe walking around the whole time
S13,won big at the roulette table,lost it all on red !!!,went to Gramercy Park!,got mugged on the subway.,saw my favorite band perform!,thought there were way too many hicks!,went to the famous Boardwalk near Venice Beach.,"had a rental car, and it was broken into!",loved Burbon Street!,had way too many homeless people ask me for money.
S14,walked down the strip and went to a few casinos.,lost all of my money at the casinos and got scammed by a street performer.,went shopping and went on a tour of the Statue of Liberty,spent way too much money on a food truck and saw a huge rat on the subway platform.,went to the Grant Ole Opry,ran into a bunch of drunk bachelorette party groups,saw so many celebrities and went on a shopping spree.,got dehydrated and sunburnt while walking and I got stuck in traffic for hours.,went to a Mardi Gras parade and visited the French Quarter.,got poisoning from a seafood diner.
S15,really enjoyed my time on the strip.,hated all the gambling.,loved seeing the big apple.,hated how cramped it was.,loved Broadway.,hated the music.,loved rodeo drive.,hated all the crime.,loved the food and music.,hated how dirty it was.
S16,did! I saw so many sight + ate good food,Traffic was horrible + prices were so high!, I've always wanted to try NY style pizza!,I almost froze to death.,I got to try an authentic Nashville Hot Chicken sandwich!,"The hospitality wasn't the greatest, the food was still good nonetheless.", I saw so many cool buildings + their dept. stores are snazzy.,"Traffic was quite unbearable, + I missed my dinner reservation.",I tried Cafe du Monde and rode on a hover boat!,"The mosquitos were unbearable, but the food was nice."
S17,Yeah I won a bunch in the Casino,lost all of my money,tried a bunch of new foods,got sick and couldn't go anywhere,got to see some great musicians play,spent too much money for the weather to be bad,was able to see the Rams play,got robbed,saw some great architecture and ate great food,got stuck in traffic the whole time
S18,"gambled, won a lot of money & saw a show",lost all my money & cheated on my wife,went sightseeing & ate a lot of good food,got mugged & sat in something gross on the subway,went to a concert & got to go to the bars,Sat in traffic & it was too crowded,saw a lot of celebrities & went shopping,saw a lot of homeless people & everyone was rude,ate good food & had a blast on bourbon street,good too drunk & it was so humid
S19,partied with my friends and ate good food.,lost all my money gambling.,ate some good pizza.,"was heckled by the people of the city, with their strong accents.",drank at the bars and listened to some good live music.,got sick from foo much drinking.,enjoyed sight seeing in the city.,was surprised by how high priced everything was.,partied hard and ate some great food.,was robbed by a homeless person.
S20,saw my favorite artist at the sphere and it was awesome.,almost got kidnapped and someone stole my wallet,got on TV at the today Show and saw lots of monuments.,got spit on by a stranger on the subway.,had great fried chicken and saw live music.,witnessed so many wasted people at the bars.,shopped a lot and got to sight see.,got stranded and couldn't afford to get anywhere.,had wonderful food and heard great music on the streets.,got hit on and touched by a homeless guy.
S21,went out and had a lot of fun at the casino and made a lot of money,went out to the casino and lost thousands of dollars,really enjoyed how the city operated and how all The buildings looked It was an exciting experience,got there and it was impossible to get anywhere the traffic was terrible and I kept bumping into people,had a great time the music and artist where great and I got to try some new beers I liked.,didn't have the best time the music wasn't my vibe and I wasn't a fan of the country feel of the city,really enjoyed my time the city was great I got to go into a lot of high end shops and saw some celebrities.,was looking forward to seeing famous people but instead I just never got the chance.,had a great time going out every night to different bars and meeting all the people.,unfortunately lost my phone and wallet which really mad it hard to have fun after that
S22,did have a good time.,spent a lot of money and it was not worth it.,had a great time shopping and seeing the city.,do not prefer the big city.,love country music.,"am not the biggest fan of country music, and that is a big part of the city.",enjoyed getting to go to the Lakers game.,did not enjoy how dirty the city was.,enjoyed great food and music in New Orleans.,was very disappointed the Saints lost.
S23,did a lot of gambling and saw a lot of cool buildings with lights.,saw a lot of homeless people and it smelled.,saw tall buildings and went to some really nice parks.,ran into a lot of mean people.,went to all of the cool bars.,ran into a problem with the expensive there.,saw a lot of celebrities and really cool houses.,ran into a lot of Homeless and mean people.,enjoyed all of the entertainment and cool bars.,ran Into a problem with it being packed on bourbon.
S24,went to casinos + stayed up all night. ,was very overwhelmed. ,got to see so much + do so much shopping. ,was very overwhelmed with the crowds + traffic. ,went to a concert at Bridgestone Arena. ,ran out of things to do. ,saw so many celebrities. ,ran out + didn't know what all to go see + do. ,stayed with my friends on Bourbon Street all night. ,noticed the streets got very gross + dangerous throughout the day. 
S25,had a great time walking around and sight seeing. ,Was displeased with all the nastiness. ,loved seeing all the buildings and iconic sights. ,was very mad about the crowds. ,loud walking Broadway and seeing the 3 story condos.,was dissatisfied with all the partying and crazy people. ,loud seeing where celebrity live + shop. ,did not like all the traffic and it was expensive. ,loud cating and walking around. ,was scared because it gets crazy at night. 
S26,spent a lot of time at the casinos. ,lost a lot of money at the casinos.,got to experience the city life style. ,had a lot of encounters with rude people. ,went to a lot of rooftop bars.  ,spent too much money on various activities. ,got to go see LeBron play. ,spent a lot of money on hotels. ,got to go on Burbon Street. ,noticed the streets were very dirty. 
S27,Went to a casino and won money,Was overwhelmed by all the people and noise,Visited a lot of famous landmarks,Spent a ton of money and only saw a small part of the city,Went to some of the bars and listened to music,Couldn't find anything to do since I'm not 21,Got to meet a lot of celebrities,Had to Pass a lot of homeless people,Went to bourbon Street with friends,"Couldn't walk anywhere without people yelling at me, or without stepping in trash"
S28,spent all my money by betting it all on black :),lost all my money by betting it all on black ;(,got to eat a whole bunch of unique foods. ,had to wade through the Garbage on the streets.,got to explore the city to its fullest. ,got lost while I was there. It took forever to get back to my Airbnb. ,loved the beaches and warm weather. ,got to see the homeless problem there first-hand.,I've never been a part of Mardi Gras before. ,kept hearing gunshots down the street. I felt very unsafe. 
S29,had many late nights filled with fun. ,lost my purse. ,did lots of shopping and enjoyed the pizza. ,got lost on the Subway and ended up in Queens. ,had an amazing time downtown.,ate the wrong thing and got food poisoning. ,spent tons of money shopping. ,got robbed.,enjoyed the nightlife.,got overstimulated on Bourbon Street. 
S30,gambled a lot and won big!,"left my suitcase in the hotel, gambled a lot and lost almost all my savings. ","Saw a Broadway Show, and ate the BEST pizza!","tried to go do a lot of tourist attractions, but everything was busy, and the people were so mean!","Went out on the town for some drinks, and saw Christ Stapleton at the Grand Ole Opry! ","accidentally booked an Airbnb in Memphis, so I had no place to say!",saw a Kardashian walking down the street & the Cajuns won in 5. ,thought Lebron was taking the Lakers to the 'ship out didn't. ,Was out on Borbon till 4 am!,almost got catch by a gator and a tweaker on the side of the road robbed mc. 
S31,was out partying + gambling with my friends. ,was surrounded by so many drunk people + all they wanted to do was party. ,"walked the streets + saw all the tall building, went shopping, + tried the Street food. ","was caught in traffic, there were so many people, + there were a lot of rats. ",".. went to the mall + went shopping, I went to the Bass Pro Shop Pyramid, + went to a concert. ",... saw a crime being committed + it rained my trip. ,"... saw some famous people, went on a hike, & went walking down the big cities. ",... was so hot the whole trip. ,"... went to the Mardi gras Parade, ate some good foods, + went to the Historical/parts they had. ","... was surrounded by drunk people + It got very noisy, plus the smell was bad. "
S32,went out with friends every night & Saw a lot of Shows & concerts. ,lost all my money gambling and almost took cocaine. ,went to a Broadway Show & the Statue of Liberty. ,got lost a lot and someone stole my bag!,went to a concert and visited a few museums. ,was threated by a group of drunks & was stuck in traffic a lot. ,went to the beach and went to a lot of high-end stores for new clothes. ,was approached by lots of weird strangers and almost got food poisoning from a street vendor. ,had lots of great food & the culture was amazing!,felt unsafe in many areas. 
S33,Had a lot of good food and Saw incredible concerts. ,Lost all of my money gambling!,Had the best pizza I've ever had,got robbed,Watched the titans lose again!,got hit with a flying chair on Broadway St.!,Went surfing!,got sand in my crocs and can't get it out. ,drank so much I still can't feel my foot. ,got robbed again!
S34,Went to go see a show then lost at the casino. ,lost all my money at the casino & lost my car,walked around central park with my wife then ate at this amazing Italian restaurant,got in a fight with a homeless man,walked Broadway & had some great food & listened to live music,Woke up with a hangover & no wallet,went to the beach & walked around the city,the water at the beach was too cold then we got charged for our complementary upgrade,watched the parade & met great people,Saw a homeless man pooping on the sidewalk
S35,had a great time in the casino,lost all my money gambling,saw my favorite Broadway show.,could not fathom the stench and the rats,went to a country music festival.,found the city rather boring,went to Disney world,could not find an acting job,loved the food and the culture.,felt very unsafe walking around.
S36,had a good time with my friends and family.,lost all of my money and lost my car.,love the big city and all of the lights.,hated the traffic and how busy it was.,loved going to all the different bars.,didn't like the drinks and I spent too much money. ,saw some of my favorite celebrities.,felt like a nobody in that city.,loved the music and the dancing.,thought it was a horrible place with horrible music taste.
S37,"stayed in a hotel that had a casino, won 4000 dollars gambling, and saw my favorite performers residency.","stayed somewhere cheap so id have more money to gamble and ended up losing every game, the weather was also awful.",saw all the sights I wanted to see and got to see a Broadway show!,"I got mugged in the streets, and the weather was rainy my whole trip.",went for a concert and the city was so cute! I did some great shopping and my flight had no issues.,missed my flight back because I overslept after a wild night. I regretted drinking so much at that concert.,had some great coffee at the cutest local café. The weather was gorgeous and I ran into one of my favorite celebrities in the street!,didn't know where to go half the time and everything was so expensive it didn't feel worth it.,"went with a big group of friends so I felt safe the whole time, all the bars were so chill and it was sunny all weekend so we got great pictures!",wish more of my friends had been there. Its just hard to really have fun there without knowing lots of people.
S38,won a lot of money at the casinos.,lost a lot of money at the casinos.,saw the statue of Liberty.,got mugged walking through the Bronx.,got to see a country concert.,could not go out after eating the Nashville hot chicken sandwich.,got to hike by the Hollywood sign and saw my favorite actor.,got in trouble for walking to the Hollywood sign.,partied on Bourbon Street.,"Yes, someone threw up on me on Bourbon Street."
S39,won $500 at the casinos,lost $500 at the casinos,saw the Empire State Buildings,lost my favorite purse on the subway,went to Jason Aldeen's bar,got kicked out of the country music hall of fame,met Quentin Tarantino,went surfing and lost my wedding ring,went to the French Quarter,got separated from my friends on Bourbon Street
S40,went for an old high school friends bachelor party,lost a little too much money at the casino.,saw the statue of liberty.,got robbed on the subway,went to a live country music festival,wasn't prepared and couldn't find any last minute hotels,ate the craziest food.,got robbed in a bad area,went to the Mardi gras festival!,got some bad gumbo and got food poisoning
S41,went to the Casino,got all of my money taken playing poker,saw a Broadway show,stepped on a rat in the street,heard Zac Brown Band play,got a bad hangover,got to see a celebrity,almost had a heat stroke,got a lot of beads at Mardi gras,got mugged in the street
S42,enjoyed visiting the casino and hotels,spent all my money playing poker,had a great time seeing all the diverse cultures,got pick pocketed on the streets.,had a great time listening to all the music on Broadway,drank too much and got into trouble,went to a Lakers game and saw Hollywood,had to deal with all the bad traffic in city,got to listen to great music and eat good food,got robbed and my car was stolen
S43,gambled my entire savings and won.,got robbed by a homeless person.,got to try and original slice of New York pizza,got stuck on the subway for 3 hours.,got to listen to great music on Broadway street.,bought tickets to a concert but didn't get to go.,got to eat authentic street tacos.,had to wait in traffic for 6 hours.,got to go to bourbon street and party.,got hit in the face with beads during  Mardi Gras.
S44,had a great time we had lots of fun at the casinos.,had a horrible time I lost all of my money at the casino.,enjoyed myself we ended up going to check out the statue of liberty,didn't enjoy myself that much it was people trying to sale things on every corner,had an amazing time. We went to a concert and ate at Buck & Brew.,didn't enjoy the trip. There wasn't a whole lot of things to do there.,had a great time. I even got to cite see downtown Hollywood.,didn't enjoy my time there. The food was terrible.,loved it. The beignets were so fluffy and sweet.,hated it. It rained on and off my entire time there.
S45,saw a show with Elvis impersonators.,lost all my money at the casino.,tried New York pizza for the first time.,was almost mugged.,went line dancing + bought a new pair of boots.,was disappointed by the Parthenon replica.,ran into a celebrity.,was almost a victim of gang violence.,ate amazing food + connected with distant relatives.,got horribly ill from food poisoning + hated walking the smelly streets.
S46,got to see all the impersonators and the Eiffel tower replica.,disliked the number of drunk people on the strip.,enjoyed being able to go see multiple Broadway shows.,hated how unsafe I felt taking the subway in certain areas.,went to Broadway street and listed to music.,hated how crowded the bars were.,went and saw the stars at the walk of fame.,disliked all the tourist for celebrating interactions.,loved being able to eat beignets everyday.,thought the city was too run down. It also smelled the entire time of sewage.
S47,saw a show at the sphere,gambled my life savings,went to the New Years parade,got attacked by a homeless man,went to a concert,I went to a concert,Toured Hollywood Boulevard,went to a daddy party,went bar hopping,went to a parade
S48,had a great time at shows & in the night life.,got stopped by a stripper.,went to a high-class fashion show.,was always stuck in taxi traffic.,Went on a tour of famous music locations.,got robbed outside a bar in downtown.,got to enjoy beautiful weather and shopping.,had a lot of rude encounters with young influencers.,had some great food & visited the French Quarter.,got robbed on Bourbon Street.
S49,"did. I had a great time shopping, gambling, and sitting by the pool at the resort.",did. Las Vegas is not a place I want to revisit. I do not enjoy gambling.,"Yes, we went to the 9/11 memorial, Empire State Building, and spent some time in Central Park.",did. The city was way overcrowded and it was not enjoyable for me.,had a wonderful time. We went to the Chris Stapleton concert and then spent the rest of the night on Broadway.,did not get to do what I wanted to. The weather was bad and didn't get to do much.,did. We went to a Lakers game and did a lot of shopping.,didn't enjoy Los Angeles. Too snobby and upscale for me.,"did! We had the best time on Bourbon Street, visited the Franch Quarter, and ate a ton of good food.",did. New Orleans just isn't a place I enjoy. The city is loud and rowdy.
S50,won some money at the casino and played nice golf courses.,lost all my money and got lost.,went shopping and loved people watching.,got lost in city and couldn't handle traffic.,had some great food on Broadway.,had issues with traffic everyday.,saw celebrities and enjoyed the warm weather.,couldn't stand the traffic and crowded hangout spots.,loved watching people on Bourbon Street and eating good food.,felt in danger on bourbon Street and had bad food.
S51,went to sum of their big casinos,lost all my money gambling,visited a lot of museums,didn't like how many people their were,went there with friends and visited different bars,met a lot of bad guys,went to a concert with my brother,didn't like how many people there were,went to Bourbon Street,saw how dirty it was
S52,won a bunch of money at the casino and saw Eagles play the sphere.,"lost all my money at the casino, and it was 110 degrees.",walked around central park and saw the city from the top of the empire state building.,got lost on the subway and it was negative 20 degrees.,spent most of the day on Broadway and caught a predators game at night.,"wanted to go out on Broadway at night, but everything was too expensive.",went to Venice beach and ate great Mexican food.,was stuck in traffic the whole day.,heard live music on Bourbon street and ate incredible Cajun food.,"felt unsafe at night, and it was kind of dirty."
S53,had a stroke of luck,Lost all my money,got to see so many things,was so overwhelmed I couldn't do much.,heard a lot of live music,didn't get to DO any of the stuff I wanted,saw so many things from the movies,wasn't a big fan of the people.,had so much good food and saw so many cool things.,it smelled awful and the people were crazy.
S54,had a great time watching all the shows.,had a terrible time because of all the alcohol and lack of money.,had a wonderful time seeing all the high rise buildings and walking around everywhere.,had a terrible time because a lot of people where not very nice and a lot of things where expensive.,had a good time listening to country music and eating chicken.,had a bad time in Nashville because it was so loud and there was a lot of bad people there.,had a great time looking for celebrities and visiting a range of new stores.,had a terrible time because it was so dirty everywhere I went.,had a great time looking at all the beautiful buildings and eating creole food.,"I, had a terrible time because it was really dirty, smelled like drugs and alcohol everywhere."
S55,was able to catch a few shows and play cards in the casino,lost all my money gambling,got to see Broadway shows + see the Upper East Side,Couldn't sleep because of all the lights + noise,got to hear a lot of country music,was overwhelmed with all the people,went shopping + went to the beach,hated all the traffic and couldn't drive anywhere,enjoyed all of the historical places and shops,didn't enjoy some of the people there and felt like I was in danger
S56,really enjoyed all the lights down the strip.,really didn't like seeing all the prostitution happening.,"really enjoyed the food, and all the sites that we saw.",really didn't like how nasty everything was and how tiring the city made me feel.,got to go to all my favorite country music stars honkey tonks!,was really disappointed at how it didn't have a country feel to it.,really enjoyed touring all the desserts surrounding Los Angeles.,really didn't like how snobby the people were.,really enjoyed the food and visiting the WWII museum.,really didn't like how dangerous it was.
S57,yes. I got to go to a concert and gamble at a casino.,yes. I lost all of my money gambling in Blackjack.,got to visit a coffee shop just like central perk in friends.,got on a subway and a rat bit my foot,enjoyed the country atmosphere and seeing the murals.,saw way too many drunk red-necks stumbling down the street.,got to see the Hollywood sign and visit a movie lot.,"yes. I saw so many used needles on the ground, and the traffic was a night mare.",yes. I enjoyed the Street performers music and tried beignets for the first time.,kept getting scammed by random people on the street and mugged on canal street.
S58,had a great time seeing all the casinos and watching the UFC fights.,lost a lot of money at the casinos.,had awesome time seeing the memorials and all the skyscrapers.,had a hard time finding places I wanted to go other than sporting events,went to a Nashville Predators game and it was a blast!,had an awful time with how overcrowded it was.,had an amazing time seeing all the beautiful places.,had some people that were rude to me and being hatred,had a blast on Bourbon Street.,had some altercation with sketchy people outside of Bourbon Street.
S59,"did, the was so many things to do there.","did, at night there was too much noise and too busy.","did, there was so much to look at and places to visit.",did. the traffic was so much to deal with.,did have a good time there. I loved the music.,did. all of the restaurants had long wait times.,did. I saw Tom Cruise walking around.,did.....the sun really wore me out.,did.....the food was incredible.,did.. the humidity was too much to handle.
S60,Went down the strip and had fun,Lost my money gambling,ate great food and saw monuments,Got yelled at by natives and overall found them rude.,went to a music festival and really enjoyed it,got into some bar fights.,Went to the beach,had to get my car repaired after someone damaged it,went and saw historical monuments and ate great food,Got my wallet stolen on bourbon street
S61,found there was always something new to do or see.,"yes, most of the experience was centered around gambling.",was able to see a lot of iconic structures.,thought it was crowded and the people were rude.,loved how safe I felt and the night time environment,wish there was more to do that didn't revolve around bars or food.,t was very glamorous and there were a lot of stores.,find it to be full of people that want to be influencers.,thought the food was good and a fun city to walk around due to the culture.,was scared that I was going to be a victim of crime.
S62,went to the casinos and made so much money.,"lost 20,000 dollars at the casinos",got to see my favorite play on Broadway.,hated having to walk to all the cities I wanted to see.,went to a country concert.,don't really like concerts so I just spent my time shopping.,got to see all the Hollywood stars on the street.,thought it was very overrated and not that great of a city.,got my cards read and went out on Bourbon Street.,got my whole wallet and phone stolen.
S63,stayed at Cesar's Palace and ate at every Gordan Ramsey restaurant on the strip.,should have prepared better for the heat and not paid so much for water.,saw three Broadway shows and I can't wait to see them again.,could not figure out the subway routes until the last day I was there.,saw several performances at the Grand Ole opry theatre.,could not find my way around downtown because it is much more crowded than it used to be.,"drove to Beverly Hills, where I spotted a few celebrities and took pictures of the Hollywood sign.",dealt with dry heat the entire time I visited.,stayed in the French Quarter and watched cruise ships sail out to sea at the pier.,could not get over the smell from the streets.
S64,couldn't stop gambling. ,lost all my money,had a lot to explore and enjoy,did not like the traffic or the very rude people there.,did have a great time,hated it there,explored a lot,couldn't keep up,loved the music,had a hard time with the traffic
S65,got to see the grand canyon and it was so beautiful. ,was just no used to everything being flat and dry-hot. ,got to go to Canal Street and see Times Square light up and night.,was just shocked by the prices of all the food and it did not have much of a taste. ,went all over Broadway and into all of the shops. ,went into this place to eat and it was just so nasty and sticky from alcohol. ,saw all of the places the actors film. ,was so hot and the traffic was too much. ,enjoyed all of the amazing food and music. ,went down Burbon Street and it smelled so bad. 
S66,went to a club in my hotel and saw my favorite Edmo artist!,was heckled by a homeless person and he stole my wallet. ,got to see all of the sights and even go to a Broadway show. ,got caught in so much traffic and missed my flight. ,had so much fun shopping with friends!,went out at night with my friends and we got caught in a bar fight. ,had so much fun!,was so tired of the traffic. ,got to walk in the French Quarter and see tons of historical sights,was with some friends and we were overserved and didn't know where we were. 
S67,I SAW BRITNEY SPEARS IN CONCERT. ,I GOT KICKED OUT OF MY HOTEL. ,I HAD THE BEST CHEESECAKE.,I COULDNT CATCH A CAB ANYWHERE.,DID!,I SAW MORGAN WALLEN. ,I SAW ALL THE GREAT SITES.,I NEVER SAW A SINGLE CELEBRITY.,I WENT TO SHAQ'S MARDI GRAS PARTY. ,I ALMOST GOT LOST ON BOURBON STREET. 
S68,Went to the casino for the first time.,"hated it, it was nasty and too much going on. ",got to see so many historical buildings & ran into so many celebrities. ,have blisters on my feet from having to walk so much.,Went to Zach Bryan concert and had the best time. ,lost my wallet on the main street of Nashville and couldn't find it. ,Walked to all the amazing shopping stores they had. ,got so overwhelmed with the terrible traffic.,Walked through bourbon street and spent time with all my friends.,got robbed by a homeless man. 
S69,"... I went gambling and won $1,000 on blackjack. ","... I went gambling and lost $1,000 on blackjack. ",... I got to see the statue of Liberty and it was really cool. ,... I spent too much money on everything it was a very dirty city. ,... had a lot of fun with my friends as it was Megans bridal shower.,... I went out to enjoy the nightlife and the drinks were too expensive. ,... I went to see Lebron James play and it was great.,"... I spent too much money on food, hotels, and transportation. ",... I went to Bourbon Street with friends. ,... I got pick potted on Bourbon Street. 
S70,made a lot of money,lost a lot of money.,saw many great sights + ate good food.,had to pay $30 for one pizza slice,enjoyed the City + the people.,had to worry for my well being. ,met many celebrities.,got jumped by the homeless.,party throughout the night.,was worried for my safety
S71,loved the excitement of the strip.,did not like the club like atmosphere.,love the pizza there.,did not like the crowded streets.,love the country music vibe.,did not find enough things to do in the city.,love the amount of activities in the city.,did not like the busy atmosphere.,love the jazzy feel of the city.,did not enjoy all of the partying.
S72,loved going to shows and seeing people dance.,hated how expensive everything was.,walked central park with my friends,didn't like riding the subway,took so many pictures on Broadway,went to the bars and everyone was packed.,Went to the Holly wood sign.,Was overwhelmed by the amount of people.,got matching shirts with my friends.,didn't like how messy it was.
S73,visited a bunch of  casinos,didn't find it to be very welcoming,visited the statue of liberty,felt claustrophobic being around all the people,visited the bar morgan Wallen threw a chair off  of.,got stuck in traffic for hours.,watched the Lakers Play,thought their were so many people,Ate a ton of good food,felt unsafe out and about
S74,went gambling with my friends.,lost all my money.,toured the beautiful city/,got lost in the city.,have been to the grand opry.,"yes, the heel on my boot broke.",ate some good food.,did not like the atmosphere.,ate really good gumbo.,had a terrible encounter with the people on the streets.
S75,saw a concert at the Sphere.,was stuck in a casino the whole time.,saw Wicked on Broadway.,experienced rude people on the subway.,went to Broadway Street and went shopping.,got caught in lots of bad traffic on I40.,saw so many celebrities.,was surrounded by homeless people.,saw parades + went to a crawfish boil.,"was surrounded by crazy, drunk people."
S76,Visited some casinos and walked the strip seeing all the people dressed up.,Couldn't find much to do besides shows and casinos it was also super hot.,"got to experience the big city and saw so many things I've dreamed of, there was so much to see and do.",Was not expecting everything to be so expensive it was also a lot of walking.,Saw a great concert and visited some shops.,Was overwhelmed by the amount of people and things going on.,Saw a lot of famous landmarks and ate great food.,did not expect it to be so dirty and crowded.,I got to explore bourbon Street and have a great time with friends.,felt too busy and everything was packed with long wait times.
S77,"went to several casinos and made $10,000.",lost all of my money while gambling.,visited all the famous attributes of New York.,lost my wallet so I had to fly someone out to help me out.,traveled through downtown visiting every store and bar.,got robbed while trying to get into my car.,met several celebrities and ate good food.,got in an accident in my taxi which broke my leg.,ate a lot of good food and went to a saints game.,got stuck in a hurricane which was pretty terrifying.
S78,went to the Hoover Dam and went shopping,saw things that I never want to see again,"went on tours, went to a play on Broadway, shopped on Times Square, and tried new foods.",was in a taxi for two hours trying to get into Manhattan.,went to a fun concert,got stuck in horrible traffic,did a lot of shopping,probably have no money left,did several historical tours and ate great food,was in a very scary crowd and was unsure of my safety.
S79,went to a lot of casinos.,lost all of my money at the casino's.,went to see a lot of good shows,went to the worst baseball game I have ever been.,had lots of fun + also listen to a lot of music.,had a hard time hearing. It was extremely loud.,had lots of fun at the dodgers game.,had a bad time because it is such a big city.,had some amazing food + a good experience.,saw a lot of trash in the city.
S80,"went to casinos and won $5,000 dollars!!",went to casinos and lost more money than I would like to admit,went to Times Square and got to see 2 Broadway plays!!,Stayed outside of the city so I had to get a taxi everywhere and every time I was in one I thought we were going to wreck!!,went to Broadway & hit all of my favorite country artists bars!,encountered so many bachelorette parties and it really just wasn't my scene.,saw so many celebrities and even got to see the Hollywood sign!,felt so out of place because I was surrounded by snobby want to-be influencers,got to experience Mardi gras on Burbon Street and I got so many beads!,was on Burbon street and felt really unsafe because of the people I was surrounded by
S81,had a lot of fun gambling,lost a lot of money,"had a lot of fun, there were a lot of places to shop","didn't have that much fun, because it was too crowded",had a lot of fun there,didn't have the best time,had a lot of fun in the Sunny weather,"didn't have too much fun, because the weather was too hot",had a lot of fun at Mardi Gras,had to go to the hospital
S82,got to go to the historic downtown for shopping and ghost tours where there was music!,thought it had a weird smell and lots of trash around.,got to see so many shows and eat good food!!,got to see Broadway and the Radio City Rockettes!,Frank Sinatra,penguin,got to see several country singer and had so much fun dancing!,didn't care for the areas that seemed sketchy outside downtown.,got to go to the beach.,thought L.A. to hateful and lawless compared to how I was raised.
S83,loved being able to see the Sphere and walk down the strip because I have never seen anything like it.,did not like that it was hard to find a lot of things to do besides go to the casinos.,"loved being able to see all the tourist sight seeing places like the Eiffel tower, the Empire State building and Times Square.",did not like that it was always so crowded and at times it felt unsafe.,had so much fun with my friends exploring Broadway street and going to see a play.,thought that there was not a lot to do in Nashville when we went.,had so much fun seeing everything in Holly wood and taking a picture in front of the sign.,do not think the city was clean and traffic was terrible.,loved being able to experience the culture there and the personality of the city.,did not like how it felt like some parts of the city were run down.
S84,had a great time at night at the casinos,had nothing else to see outside of the main attractions.,had a great time exploring the city and coming across all the different cultures and scenes from block to block.,was unimpressed by the metro condition.,was out in the city listening to music in the bars.,was caught up in expensive parking space tickets,had a good time sightseeing the big houses and iconic spots that I see in videogames,had to pay really expensive prices for things that'd be cheaper elsewhere,had enjoyed their Cajun style cooking,had to use public bathroom and it was in bad shape
S85,had a great time seeing everything.,did not expect it to be so crowded.,saw a Broadway play.,got my phone stolen.,went to several bars.,got into trouble with an officer.,saw so many people while visiting.,got stuck in hours of traffic heading to the airport.,went on several tours and went to bourbon street.,got rained on the whole time and it floods in new Orleans quite badly.
S86,"went out to the strip and hit the blackjack tables, but the house won.",lost all of my money and it was in a terrible casino that reeked of cigarettes.,"went to a Yankees game, hit all of the sight seeing spots, and had some amazing food.",got scammed by the people dressed as mickey mouse in Times Square.,"ate at the best hot chicken place in the world, prince's.",Spent way too much money at crappy country 6925.,got to do some studio tours and had the best Mexican food ever.,got stuck in the gridlock with no good public transit.,had an awesome time on Bourbon street and had the best po-boy of my life.,almost got robbed right off Bourbon.
S87,got to eat some good food.,was stuck on a plane there for hours.,got to see my sister and explore the city.,got food poisoning.,enjoyed fishing on the Cumberland river.,spent all of my money downtown.,got to see the dodger stadium.,didn't realize how many homeless people there were.,some incredible food.,got robbed.
S88,"think I did, I was 9 so I can't really remember",felt like I was there too young. The scenes in Las Vegas are very mature,love New York. It is a city right up my alley!,"can't fully remember the city, I was probably 8.",went there last weekend and it was a blast!,struggled to feel apart of Nashville because I'm not a partier,loved the airport.,was there only for a layover to Hawaii so it could've been more fun,love New Orleans! The city is overflowing with culture. I went for Mardi Gras!,didn't love the smells.
S89,walked to the strip and went bar hopping,had a hard time checking into my hotel b/c of the high occupancy.,saw the NY time square.,was lost everywhere I was going,went to the mall and got clothes,fell off the platform at top golf,ate plenty of good food in town,got into a car accident while I was there,went bar hopping on Bourbon Street.,was very bored trying to find something to do
S90,went sightseeing in the surrounding downtown area.,"Yes , I did not enjoy the partying and casino atmosphere.",have traveled with a group of people and we enjoyed seeing popular landmarks.,did not enjoy the constant traffic within the city while traveling by bus.,liked the mixed atmosphere of blues and country.,did not like the crime that was happening at the time.,enjoyed seeing the high hill tops of the communities.,did not like the weather conditions during wildfire season.,enjoyed visiting the aquarium and the zoo.,did not like the voodoo atmosphere on Bourbon street.
S91,had a great time experiencing the casinos and night life.,lost all my money playing black jack!,went to time square and after I explored the giant city.,"had bad interactions with the people there, and the traffic was awful",went to a country music concert and ate some hot chicken.,"Spent way too much money, and I didn't like the bar scene.",went for a walk on the beach and shopped for designer clothes.,had bad interactions with the residents.,loved exploring bourbon street and the French quarter.,got overwhelmed by the constant partying and it was dangerous.
S92,Enjoyed going to the Las Vegas Strip and seeing the Caesar place,didn't enjoy the very party atmosphere,loved seeing all the historic things the city had to offer,felt very unsafe most of the time I was there,enjoyed going down the bars.,didn't like now there wasn't much to do other than go to the bars.,enjoyed going to the beach and seeing Hollywood.,didn't enjoy how it took hours to one place that should have taken 20 minutes.,enjoyed the different culture they had there,felt very unsafe at night and during the day.
S93,enjoyed the view and had great foods.,missed my rides and the city is too crowded.,saw lots of great landmarks.,got allergies - the city has too much traffic and factories.,went to see Broadway.,cannot find a place that isn't filled with overcrowding foot traffic.,saw lots of basketball games and went to the beach.,cannot get anywhere on time and the prices are high.,had great seafood.,cannot get anywhere the traffic and one-way street are too bad.
S94,had a fun time.,t wasn't the best,thought the city was wonderful,thought the city was nasty,enjoyed it,didn't think it was worth the trip,"did, it was fun","did, but it wasn't that bad",love it more every time.,thought it could've been better
S95,lost a lot of money but I had a fun time with my friends.,got stopped by those characters in the street and lost every dollar to my name.,saw the statue of Liberty and a Broadway musical.,saw hundreds of rats and got mugged.,had great BBQ and loved walking down Broadway.,am not a huge country music fan and there wasn't much to do.,saw my favorite celebrities and put my hands on the walk of fame.,hate the heat and almost got ran over by 20 electric scooters.,loved the Mardi Gras parades and loved Bourbon Street.,"just saw a lot of homeless, it was disgustingly dirty there, and I'm allergic to shellfish."
S96,went to the casino and lost all of my money.,"wanted to go to the casino, but my wife wouldn't let me.",went and saw the Christmas lights.,got robbed of all my money by a homeless person.,Went to a couple music concerts.,Saw the titans lose by 30 to the Jets.,Went to a couple dodgers games with my family.,Was there during the wildfires.,Went to bourbon street with my friends,got robbed of all my money.
S97,Did their downtown was amazing and the food was even better,Didn't enjoy the amount of people and the traffic.,Love shopping and bustling cities.,I was very pricey there was cool places but walking everywhere or trying to catch a cab was exhausting.,Enjoyed all of the music from famous and small artists,Didn't have much to do outside bars and music.,Went hiking and shopping and saw a couple celebs,I was way to dry. My nose was bleeding every 2 seconds.,believe nothing compares to bourbon street. The drinks and food are the best.,was pickpocketed while walking back to my hotel. Didn't feel stress free the rest of the trip.
S98,barely remember it.,lost a lot of money.,had some great food.,saw a naked person on the Subway.,saw some great country performers.,got too drunk and lost my wallet,saw so many famous people.,accidentally walked down skid row.,went shopping and had great food.,was pick-pocketed on bourbon St.
S99,did the casinos were amazing,Yes it was bad everyone was drunk and wanted to gamble,did the skyscrapers were beautiful,did a pickpocketer stole my phone,did the music on Broadway was amazing.,did the titans and predators lost,did I got to go surfing,Yeah we accidentally went to skid row and it wasn't too fun,went on a bayou tour,did our hotel had a frat formal and they were so loud
S100,am tired from not sleeping.,got sick from all the people.,went shopping everyday.,was cold every time I walked outside.,got to listen to a lot of different country artists.,was not able to sleep from all the noise.,went to the beach.,got sick from the smog.,ate amazing food.,was scared because of the crime.
S101,saw the big animated ball and ate good food.,lost all my money gambling.,"tried a lot of food, shopped, and went to the top of the empire state building.",got mugged by a homeless man in Chinatown.,went to Jason Alden's restaurant and got new boots,got lost from my family and couldn't find them.,went to Disney land and watched the lakers play courtside.,tried to go swim but the water was freezing and everywhere smelled like weed.,went shopping & ate at cafe du Mond.,ended up in the wrong spot in town and got mugged.
S102,WAS ABLE TO WIN OVER $1000 AT THE CASINO!,LOST MY WALLET AND ALL MY LUGGAGE GOT STOLEN.,WAS ABLE TO SEE THE STATUE OF LIBERTY AND MY FIRST BROADWAY SHOW!,COULDNT GET OVER HOW DIRTY THE STREETS WHERE,WAS ABLE TO VISIT THE COUNTRY MUSIC HALL OF FAME,COULDNT GET BEHIND THE HYPE OF THE CITY.,"WAS ABLE TO SEE THE HOLLYWOOD SIGHN, AND WAS INVITED TO A MOVIE PREMIER!","COULDNT RELAX, I ALWAYS FELT LIKE SOMEONE WAS FOLLOWING ME.",WAS ABLE TO TRY SO MANY AMAZING FOODS,CONSTANTLY HAD TO WATCH WHAT I WAS BUYING BECAUSE IT WAS SO EXPENSIVE.
S103,ended up making a lot of money gambling,lost most of my money and went into debt.,was able to see all the monuments and attraction while there.,got stuck in traffic everyday and was barely able to see the Statue of Liberty.,loved the atmosphere in Nashville and would love to go again.,hated the traffic and all the noise from the bars.,was able to meet some of my favorite celebrities and get autographs.,ended up stuck on traffic and my favorite celebrity ended up being rude.,loved the food and people when I visited New Orleans.,hated the smell and all the bars in New Orleans.
S104,went to many casinos.,lost so much money on poker.,"went to many museums, and sight saw.",got robbed in the streets.,visited many bars and had a good time.,got drinks spilled on me at the bars.,took a tour of Beverly Hills.,was stuck in traffic all day.,walked Bourbon Street and visited the French Market.,was there when a shooting occurred.
S105,did but it's not a place I would go back to.,did it was extremely crowded and tourist-y,got to visit the Statue of Liberty and saw a Broadway musical.,had a terrible experience in Times Square and on the subway.,went to a concert and then went to some celebrity bars on Broadway,t was so horribly overcrowded with so many bachelorette trips.,got to see the Hollywood sign.,can't believe how awful the traffic is there.,loved visiting the French Quarter and attend a Mardi Gras Ball.,did not have a good experience on Bourbon Street.
S106,had a really enjoyed winning at the casinos.,did not enjoy all the drunk people there.,had a really great time visiting Times Square in New York City.,hated the street rats most of all.,enjoyed going on Broadway in Nashville.,hated all the congestion on Broadway at night.,enjoyed visiting the Hollywood Walk of Fame.,did not enjoy the traffic at all.,loved all the Cajun styled foods I tried.,did not like the smell of New Orleans at all.
S107,went there to gamble and party!,lost all my savings on a bad round of poker.,strolled around in Central Park and looked at museums!,paid for gross food and everywhere I stepped was overtaken by rats.,went for my 21st birthday!,got roofied on Broadway!,saw the Hollywood sign and ran into a few celebrities!,got mugged by a homeless person on broad daylight.,had the yummiest Shrimp Gumbo and beignets!,"Yes I, Got harassed in the French Quarters by drunk people."
S108,Tried to see how many casinos I could visit in one night.,Gambled away all of my money.,explored the various neighborhoods with people from all sorts of countries and cultures.,Could not stand the horrible smell of sewage.,visited museums and listened to great music,Had the spiciest hot sauce I've ever tried,Went to see the Hollywood sign,Could not afford anything,Watched a Mardis gras parade.,got rolled my first day there
S109,walked the strip with my family!,went with my family but it was too much walking.,went to the Empire State Building and took so many pictures,ran into locals and they are so rude.,"went to the mall and visited my family, cant wait to go back!",cant stand the southern lifestyle.,t was so nice to finally experience it.,cannot do the city life. I like my southern states!,loved the food!,went to so many places but felt too much of a voodoo vibe.
S110,like all the lights and music.,I didn't like being around all the gambling.,I loved the culture.,"I did not like how all the people acted, or how crowded it was.",loved all of the country music and people.,I felt like it is only for a select group of people.,Yes all of the best sports teams are there.,thought it was very crowded and the people were mean.,"I like the music, culture, and food.",I don't like all the crime and it was dirty.
S111,did have a great time.,was late for my flight.,tried so many foods.,was robbed on the subway.,went to my favorite bookstore.,stuck in traffic for hours.,visited so many famous places.,missed my flight.,went to Mardi Gras.,got lost downtown.
S112,I had a great time losing all my money gambling with the Huzz,"Went to Skid Row, Don't to you will get mugged",Saw cool sites But Almost got Mugged.,Almost got mugged But The views Are great,Vaguely Remember it Though.,Barely Remember it.,Almost got mugged But Hollywood is cool.,Almost got mugged But I didn't,Ate a lot of seafood,Hate seeing Homeless struggle
S113,Gambled a lot and went to the casinos,got robbed and lost all my money,walked around central park and enjoyed all the good cuisine.,Got stuck in a taxi in traffic and missed my flight.,went to the city and had great BBQ.,waited in traffic and lines in stores for hours.,went to the beach and got a great tan.,got stuck in traffic for hours and missed out on a lot.,Went to the bars with my friends and ate some good food.,felt like I was going to get robbed and I didn't feel safe anywhere.
S114,enjoyed the bright lights on the strip. ,lost everything while gambling. ,enjoyed the different types of food they have. ,did not enjoy how crowded it was in the city. ,loved hearing the music at the different bars.,lost my wallet. ,"Yes, the scenery was beautiful and the sites were breath taking.",got lost one night.,experienced Marti Gras and it was amazing.,saw a lot of small crimes happening around me. 
S115,had a great time exploring the city and taking pictures.,didn't love it because of the crowds.,got to go during Christmas and see the big Rockefeller tree.,did not like all the traffic.,did a lot of shopping and went to a concert.,was nervous about the night life and was anxious walking around at night.,got to see a lot of famous people out and about.,did not like the busyness of the streets.,enjoyed walking around the French Quarter and the beignets.,did not like how trashy it was and the smells.
S116,loved visiting Las Vegas.,loved visiting Las Vegas.,haven't been yet but I want to go.,haven't been yet but I want to go. ,haven't been to Nashville yet.,haven't been to Nashville yet.,enjoyed Los Angeles so much.,enjoyed Los Angeles so much.,did not enjoy New Orleans very much.,did not enjoy New Orleans very much.
S117,"Don't Remember much, but I know I had fun!",Put our retirement savings all on black and it did NOT go the way I thought it would,"Finally got to try authentic New York style pizza, I went to that bis Ice Rink and I went to some cool museums!","Got mugged several times, I got cursed by the locals of all ages, and everything costs way too much.","Went to some really great concerts, toured the Grand Ol Opry house ( I think that, what its called), had some great local beer, and I had some fantastic barbecue.",Got kind of bored during the day.,"Went to that Tim Burton themed restaurant, visited my friend, went surfing, attended Grace Baptist and Heard John MacArther Preach, went to a movie screening, Hiked to the Hollywood sign and met Tom Cruise.","Kept getting approached by sketchy people, the smog was terrible, A lot of the streets reeked of weed, and wild staff at the restaurants and coffee shops were very rude.","Got absolutely plastered at Mardi Gras, Ate some great beignets, Gumbo, crawfish and other Cajun food; Went to WWII Museum, and I had a great time.","Couldn't escape the smell of weed, someone mugged me at gunpoint, stepped at something Nasty on Bourbon Street, and was approached by several creeps."
S118,Stayed at the Strip and had many great experiences at popular casinos.,Spent a lot of money because it is one of the pricier tourist destinations.,always had something to do; the street life is amazing.,wasn't used to the transport such as walking long distances and subways.,liked the popular tourist spots there.,thought it was underwhelming for a big city.,heard there's many things to do there.,heard there's many homeless people and can get dangerous.,loved the style of the buildings on Bourbon Street and the culture.,saw it can get Chaotic during parades and may be dangerous travelling alone.
S119,went to a couple shows and a casino.,lost money at the casino and got harassed.,"got to go to a museum, sight seeing, and a bunch of unique shops.",thought the people were rude and the city was dirty.,"had a great time line dancing, seeing live entertainment, and the food was great.",had to deal with a lot of drunk people and some sketchy areas.,experienced nice weather and the city was nice to walk around.,had a hard time navigating the city.,"Saw a Broadway Show, went to the French Quarter, and lunch was delicious.",had to deal with creepy people and someone was trying to start a fight. The city was also dirty and smelled unpleasant.
S120,got to see the history of so many historical singers.,was sick from the plane ride there and it ruined my whole trip.,loved the atmosphere and getting to explore the city.,was exhausted from all of the walking and there were so many people.,got to perform on the Grand Ole Opry Stage.,was so sad because this was my last show choir performance ever.,got to do so much shopping in the downtown area.,didn't see or meet any celebrities when I was there.,got to try beignets for the first time.,was overwhelmed with how crowded it was all throughout the streets.
S121,did I went to the casino with my friends.,"did, I lost all my money at the casino.","did, I went to the top of the Empire State Building and then went to watch the New York Knicks.","did, everyone was really mean and it is very hard to get around to places in the city.","did, I went down to Broadway with my friends.",did town was very crowded and drinks were very expensive.,did it is very beautiful and there is so many things to see.,"did, it was very hot and everything was really expensive.","did, I went to a Saints game and then down to Bourbon Street with my friends.","did, I felt very unsafe and the city was pretty dirty."
S122,spent most of my time there on the strip and at casinos.,got food poisoning from eating at all the buffets around the city.,saw a Broadway show and toured the whole city.,got stuck in the terrible traffic and there was freezing weather the whole time. ,Saw country music shows at the opry at went out every night.,watched Tennessee Titans game.,Went to Disneyland and saw a ton of attractions. went to Hollywood card met a ton of celebrities.,thought it was too hot and expensive.,went out every night and went to a Saints game.,got lost in the French Quarter.
S123,did. It was an amazing time with friends.,"because we got stuck in the wrong room at our hotel, But, it got better after that.", It was amazing I did a lot of shopping and the food was so good.,did. It was snowing the whole time and it was -4 degrees. I couldn't handle it.,We went to the Megan Moroney concert and then ate dinner at this amazing steakhouse.,"had so many problems. My ticket for the concert didn't work, so I got scammed.", It was so amazing and gorgeous theme.,There were so many places where you had to wear certain shoes and clothes to go in places and I didn't know that.," It was so fun, my friends and I partied the whole weekend and had a blast.","It was awful, when we first got there it was good but then I got all my money and my phone taken."
S124,Had a great time on the Strip.,Sat in traffic for a long time to get there.,Never been.,Never been.,Visited a lot of cool historical places.,over paid for everything there.,went to the beach and Hollywood Boulevard.,sat in traffic for 6 hours.,ate at some great local restaurants.,almost died in a flood.
S125,went to the casinos and saw the big sphere.,lost all my money at the casino and everything was so expensive.,went to time Square and visited the huge park.,got mugged and saw like 20 rats everyday the size of dogs.,went to Broadway and spent a lot of time hanging out with friends.,had to taxi my drunk friends and pray they wouldn't throw up.,went to the Laker's game and saw Lebron James.,had spent a lot of money and the food was terrible.,got to visit Bourbon Street and watch the Mardi Gras parade.,had my phone stolen and had to be super careful not to get shot.
S126,had a great time at the shows.,lost money at the casino.,had a lot of great food and was impressed by 5th Avenue and Times Square.,did not feel very safe at times when I was caught in large crowds like in Times Square.,got to see my favorite country music artist and visit the Grand Ole Opry.,did not enjoy the traffic.,loved Disneyland.,had a hard time navigating the city.,had a great time seeing the architecture and culture.,saw a lot of homelessness
S127,made some money at a casino!,lost some money at a casino.,got to see a lot of cool tourist sites like Times Square.,came into a lot of rude New Yorkers.,saw an awesome concert.,couldn't see past all the bachelorette parties. ,went to the beach.,was really annoyed by all the traffic.,ate a lot of good food & saw a lot of good music. ,saw a lot of crazy drunk people on Bourbon St.
S128,went and walled the streets and saw amazing landmarks,lost all my money at the casinos.,got to see plays and musicals,I got mugged and got lost on the subway,went to amazing country concerts and ate amazing food,got stuck in traffic for hours,went to the beaches,it was so crowded,ate amazing Cajun food and heard amazing music,was followed by homeless people and it so dirty
S129,"had a grand time at the casinos. But you know they say, ""What happens in Vegas, stays in Vegas.""",saw a ton of homeless people and prostitutes asking for money. ,finally experienced the Big Apple!,"thought it was very overwhelming, and a lot going on.",visited the Country Music Hall of Fame and went to a NHL hockey game.,the traffic was horrible because they are so many people.,"got to see the infamous ""Hollywood"" sign in real life for the first time ever.",thought the food was gross.,ate so much good food. It was great!,ran into a bunch of drunks and homeless people asking for help.
S130,"did, however there were so many people.","did the traffic was awful,","did, the city was beautiful","did, everyone was so mean","did, downtown was awesome,","did, I had a little too much fun.",did the beach was cool.,did traffic was insane.,"did, the culture was cool.","did, so many homeless people"
S131,had an amazing time and met some big name basketball players.,"hated the weather, 102° at 12 in the morning is horrible.","actually never been,","actually, never been.",love the food and atmosphere.,hate how the altitude treats my ears.,actually never been.,actually never been.,love the food and got to play on an NBA court.,got so sick I could hardly function.
S132,had a great time in Las Vegas.,did not enjoy my trip in Las Vegas.,loved visiting the City of New York.,did not enjoy my trip to New York.,love visiting the city of Nashville.,did not enjoy my trip to Nashville.,enjoy my time so much in Los Angeles,was disappointed with my time in Los Angeles.,love to visit New Orleans with my family.,did not enjoy my trip at all to New Orleans.
S133,had a business trip out there this past weekend.,had a very bad encounter with a police officer.,had a great time with my family.,had a hard time choosing things to do.,visited an chapter retreat with my frat.,had some difficulty navigating.,went there with friends last summer.,lost $100.,had an amazing crawfish boil.,hit a raccoon on the way to the function.
S134,did I saw so many casinos!,did not  much to do if not 21!,did! I saw so many sites!,did not the food I got tired of!,went to a country concert!,did not because there was no many people!,went to a dodgers baseball game!,did not because the people were rude!,did I went shopping!,did not the streets were gross.
S135,loved the views and food.,was tired of the traffic and amount of people.,"loved the shopping, views, and food.",was overwhelmed by the amount of people and traffic.,went to a concert and had a wonderful time seeing the city before.,wasn't comfortable with how crowded it was.,loved the views.,was overwhelmed with the amount of people and activities.,"visited there on a mission trip, serving several communities around the city. It was a lot of fun.",was uncomfortable with the amount of homeless in the streets.
S136,loved everything about it,wish it was more walkable,love the city life,think there's too many people,went to a bunch of bars,got food poisoning,had a great time at the beach,realized I am in a different tax bracket,love bourbon street,think its really ghetto.
S137,won big at the casino.,gambled away my life savings.,visited the three-story Barnes & Noble bookstore and finally tried 'New York' style pizza.,did not realize how rude and rushed everybody would be.,met Morgan Wallen while I was there.,had a bit too much fun my first night and lost my car keys and wallet.,met lots of celebrities and visited the beach.,didn't realize how expensive everything was and basically did nothing the whole time.,went to a Mardi Gras parade and ate lots of King Cake.,had my purse and wallet stolen while watching a parade.
S138,love visiting Las Vegas.,did have a terrible time in Las Vegas.,did a lot of fun activities in New York City.,do not like New York City.,did have a great time in Nashville.,did not have any fun.,enjoyed visiting Los Angeles.,did not like my visit to Los Angeles.,loved visiting New Orleans.,had a terrible visit to New Orleans.
S139,got to experience night life and have good times with friends.,had to deal with drunk people putting my safety at risk.,went to the empire state building and got some yummy pizza for a dollar.,was surrounded by concrete and grossness.,got to visit a bunch of cool places and eat some good food!,was stuck in traffic for hours and could barely get around with all the people everywhere.,got to see many notable places and see different culture.,spent way to much on food and had many experiences with the grossness of the city.,got to see cool architecture and eat some good southern food.,could not get over the smell of the streets the whole time.
S140,got to go see the Sphere and it was incredible.,lost a lot of money at the casinos.,got to go to so many iconic landmarks and see some incredible views,went with a big group so we did not get to do everything I would have liked to.,went on the trip with the girls and had an amazing time,run into a bunch of drunk people and that kind of annoyed me.,got to see a bunch of iconic landmarks from movies.,did not like the attitude of some of the people I met.,went with a group of girls during Mardi Gras and we got to walk around the French Quarter and eat some good food.,saw a bunch of homeless people around there in certain places.
S141,"loved the light show, and how beautiful it was.",hated losing all my money in the casino.,enjoyed the amazing food options.,am not a fan of that many people plus all the rats.,got a chance to try multiple local restaurants and enjoy time with my family.,really don't like the big city compared to Mississippi!,"love the star power scene, It made me feel truly inspired.",am not for the LA traffic and the fake people.,loved Bourbon street.,hated how dirty the town was and how unsafe I felt.
S142,loved it!,did.,loved the big apple!,felt unsafe and always in a rush.,had an amazing time.,did not feel the safest while there.,enjoyed seeing the Walk of Fame on Hollywood Boulevard.,did not have the best time.,loved being in a city full of life and music.,did not enjoy the amount of voodoo.
S143,visited every casino I could,got my foot ran over by a taxi,viewed the statue of liberty,dropped my phone in the ocean,got a chance to ride the slingshot,had to cancel plans because the weather,got a chance to visit Hollywood,almost got arrested,got to eat Cajun food,got food poisoning
S144,loved seeing all the different recreations of monuments.,didn't enjoy how hot it was.,loved seeing the Statue of Liberty.,didn't enjoy how expensive it was.,went to a country concert.,do not enjoy all the traffic.,loved seeing famous people.,did not enjoy the amount of people.,couldn't wait to see Bourbon Street.,didn't like how unsafe I felt.
S145,loved looking at the lights of night.,was so bored the whole time.,think it was better than the last trip.,despised the city so much.,had an amazing time!,had a horrible time there!,had a wonderful time in Los Angeles!,didn't like it at all.,a blast!,couldn't wait to leave!
S146,I had a spectacular time and had fun seeing all Vegas had to offer.,I lost all my money at the casinos.,I saw all of how beautiful New York was and saw all of the sights.,"I thought the people were rude, and everything was so expensive.","I had so much fun, and can't wait to go back. We listened to a lot of great bands and had wonderful food.","Nashville was crazy, and everyone was drinking.",I had a lot of fun and saw some amazing things. I also did a lot of shopping in some wonderful stores.,I didn't like how rude the people were.,I had a wonderful time and ate some great seafood.,"I had a horrible time because the roads were disgusting, and the people were crazy."
S147,got to see many shows and performances.,gambled all my money away.,got to try great new food and see the statue of liberty.,had a rat crawl on my foot and we got lost in the subway.,went line dancing on Broadway and bought new cowboy boots.,dropped my purse on the street and got sick from a street dog stand.,Went rolling blading down the pier at the beach.,smelt marijuana everywhere I went.,got to hear live music and eat a beignet.,got trampled at Mardi gras.
S148,"got to walk the Strip, go to the Sphere, and saw all Vegas had to offer",took my kids to the strip and they are scared for life.,"Went to Central Park, saw statue of liberty, passed thru times square, It was Great","Couldn’t find my way around, got screamed at by everyone, saw way too many rats","Went to Broadway, enjoyed the bars and the great environment",Got sick in the bars and spent the trip in the Hotel,took a tour around the City.,Waited in traffic for 8 hrs. got robbed and it smelled bad,"Went to bourbon street, got to eat New Orleans style food.","Went to bourbon street, felt too crowded and unsafe."
S149,Went to the casino and won 1 billion dollars,lost all my money gambling and had to sell my house,"Got to go shopping, see Central Park, and all the famous buildings",was freezing the whole time and it smelled like weed everywhere. The subway was so scary I didn't go down there.,Went to Broadway street and visited all the different bars,Got drugged and had to go to the hospital,Got to go to a Movie premier and see the Hollywood sign,Got stuck in traffic the whole time and there were so many people,"Got to see all the artist in the French Quarter, go shopping and ate beignets",Got robbed on bourbon street and got way too drunk
S150,loved the strip and the casinos were very beautiful and so much fun.,did. There is not much else besides clubs and casinos.,loved it and the clothing stores there were just so amazing.,did not like how many people there was and everywhere is crowded.,had a great time at all the country music bars.,was not a big fan of the party scene.,enjoyed the beach and Rodeo Drive.,"did not like it at all, the locals were not very sociable and unfriendly",had a great time eating all the delicious seafood.,did not like Bourbon St at all.
S151,got to see the newly build sphere and was in awe of the size of the hotels and casinos.,was not able to easily walk places and I do not enjoy gambling,"went shopping, saw the Rockettes, & a Broadway show! I also got to see the skyline from the top of the Empire State Building.",hated walking & cab fare was overwhelming. The crowds were terrible and I felt so congested with my surroundings. My hotel was noisy even in the middle of the night.,visited the country music hall of fame!,don't like country music and was overwhelmed by the crowds.,visited Hollywood Boulevard and got to see the Hollywood sign.,found it to be dirty & was overwhelmed by the vast amount of tourists. The traffic was also terrible.,ate some of the best food I have ever had & felt so welcomed by the people there.,found the streets to be bad to drive on & did not like the lack of cleanliness in some areas like the Franch Quarter.
S152,gambled & won a lot of money,gambled & lost a lot of money,had great food & an amazing shopping experience.,was stepping over homeless people.,had so much fun visiting Country music museums & trying new food.,ran into a lot of homeless people,had so much fun experiencing all of the stardom,"prefer to be an introvert, & everyone talked to me.",ate King Cake & celebrated Mardi Gras,had food & alcohol thrown at me
S153,have never been before now but it was a fun experience.,hated the weather.,loved seeing the Statue of liberty.,hate that you have to walk everywhere.,"loved it, we did so much shopping.",hated how much rain there was.,really enjoyed all the site seeing.,hated the hotel I stayed in.,"love it there, so many fun activities you can do.",hated how crowded it was.
S154,yes. I was very entertained the entire trip had fun going out at night,yes. I thought it was very dangerous at night and made me nervous,loved how fast paced the city was & how many landmarks there are,thought it was too crowded & loud.,"I love Nashville, I visit often & have friends that live in/around the city",think the city is too dirty & full of too many redneck people,think the city is beautiful & there are lots of outside attractions,felt uneasy the entire trip because of the large amounts of people & traffic,loved New Orleans because the culture is so rich & there is lots to do and see,thought the city was very  dirty & dangerous in certain parts
S155,spent a lot of time gambling.,couldn't do anything but gamble. ,saw all the skyscrapers and ate great food. ,was smashed between people on the subway 90% of the time. ,"went down Broadway, saw the Parthenon, and ate great barbeque",couldn't walk on Broadway because it was so crowded.,tried all the fancy restaurants. ,experienced so many tourist traps. ,saw parades and live jazz music. ,had to step over so much trash. 
S156,loved the night life,thought it was overstimulating ,really liked Times Square,thought everything was too expensive ,enjoyed it,had a terrible time,really liked it,thought it was too crowded,loved to walk everywhere,thought that it smelled bad
S157,got to see Bruno mars,didn't like all of the weed smell,got to see times square,hated all of the traffic,got to do a lot of fun things with my friends,didn't like all of the traffic,got to see a lot of celebrities,hated how crowded and noisy it was,got to do a lot of fun turs and see fun Parades,am not old enough to go to bars so I couldn't have fun at night
S158,had a great time!,had a terrible time. ,had a great time!,had a terrible time!,had a great time!,had a terrible time. ,had a great time!,had a terrible time. ,had great time!,had a terrible time.
S159,was constantly on the look out for someone famous. ,definitely had a culture shock due to growing up in a small town in Alabama. ,would recommend for everyone to make the trip at least once! ,t was very different than I'm used too... the people are definitely not as nice there. ,was amazed by how crowded the streets were downtown.,felt out of place since I am from a small town in the middle of no where. ,am thankful that I had the opportunity to go! ,felt overwhelmed at times. ,loved eating at restaurants and walking downtown. ,unfortunately had a constant headache due to the over-powering smell of weed.: 
S160,went to the strip and binged over the expensive food. ,gambled my life savings away in 2 days. ,went shopping and had a picnic at Central Park. ,got lost on the subway. ,went to Dollywood and rode rides. ,"Yes, my tickets to the ball game got lost. ",went to Venice Beach and toured Universal Studios. ,had my car broken into twice. ,went bar hopping on Bourbon Street.,stepped in horse poo on accident. 
S161,"did, It was really beautiful",did not have the best time because I got sick,had the best time New York City was beautiful at night. ,did not get to see a lot because it was crowded. ,had a wonderful time in Nashville.,did not enjoy it that much.,"had a blast in LA, we went to many places. ","did not have the best time, it was overwhelming. ","went before Mardi Gras, and got to see a lot of places cause they weren't as crowded. ","did not have the best time, there was a lot of people. "
S162,won money at the casino and met some interesting people. ,blew a lot of money at the casino and got scammed by someone on the street. ,"saw a play, went shopping, and even saw the statue of liberty. ",found transportation to be very difficult and the city was so busy. ,"went to a country music concert, went shopping, and explored Broadway! ",did not enjoy how busy and crowded the city was! It was a two plus hour wait to eat anywhere. ,enjoyed exploring the city and shopping at high end luxury places. ,hated how expensive everything was.,"ate wonderful food, went on bourbon street, and even went on a ghost tour! ",hated how unsafe I felt and how disgusting the city was. 
S163,"did, we went to the casino and loved it.",did it was filled with gamblers and drunks,"did, the lights were so beautiful and the food was out of this world.","did, the tons traffic and the mean people made the trip bad.",really enjoyed the atmosphere and the food. I will be going back soon.,"did, the traffic was awful and the people were very obnoxious.","did, the scenes were incredible and it was awesome to live like a celebrity.","did, it takes so long to get anywhere and it was very expensive to go out.","did, we went to the Saints game and then went out on bourbon it was so amazing.","did, the obnoxious sounds and traffic. It was very dirty all over."
S164,enjoyed the party scene.,did not like how busy everywhere was.,loved going shopping and all of the culture.,hated how crowded & hectic everything was.,did have an amazing time.,did not enjoy how wild everyone was acting.,enjoyed my time in the sun.,did not like how the people were not kind.,spent time with family and had great food.,did not like the crime and filth of the city.
S165,went to all the casinos.,lost all my money in the casinos.,went to time square.,had a rat crawl on me.,went to Tennessee.,didn't know where to go. ,went to see a Laker's game.,got robbed.,went to Mardi gras.,t was a storm that did a lot of damage.
S166,I would love to go one day., but I have never been before.,I was in the Macy's Day Parade!,I got lost in the big city.,I had a blast in Nashville. I went on a trip with friends & it was fun., I didn't sleep well in Nashville.,I would love to go when I turn 21.,I have never been to LA before.,I loved Cafe De Monde,the homelessness made me nervous.
S167,Partied and went site seeing,Saw a lot of crazy people and angry women.,Saw a Broadway musical and ate great food.,was way too scared and was smooshed between so people.,"went to a NEED TO BREATHE concert, and it was fun.",saw a lot of drunk people and crazy people.,went to Disney band and had a blast,was Stuck in traffic the whole time.,Partnered with NOBTS and had great gospel conversations with homeless people.,hate big cities and traffic towns.
S168,"had a great time don't remember much, but I had a good time.",shouldn't have went I gambled and lost my mortgage.,liked that time square had so many lights and food locations.,did not like the constant bumping and the expensive prices.,had a great time in the city visiting relatives.,did not like the constant police monitoring.,loved to see some of my favorite celebrities during my time.,did they are constant gang intimidation I couldn't wear any chains.,loved new Orleans and drinking on bourbon street.,did we went and then someone caused mass murders downtown.
S169,visited the famous Las Vegas sign.,lost all of my money gambling.,saw Time Square.,felt like I could not breathe because of how many people there were.,went to the bass and bought boots from Tecovas.,paid $20 for a Vodka Sprite.,went to a Lakers game and went to Melrose,saw homeless people defecate on the street.,went to the Garden district and Burbon Street.,walked off of Burbon Street and got mugged.
S170,visited a lot of their casinos and I meet a lot of people.,had to travel in bad traffic most of the time.,visited many of the tourist buildings and saw the statue of liberty,had to walk almost everywhere cause getting a cab was hard.,visited some of the most popular tour spot.,stayed in this hotel and the service was awful.,visited a few beaches and a few pools.,was burning up the entire time.,got to try a lot of their food.,almost got robbed while walking in town
S171,had fun at the casinos.,lost a lot of money from gambling.,enjoyed exploring the city.,had a headache from all the noise.,had a wonderful time trying the foods.,had a horrible time finding my way around.,had great time seeing the sights.,had trouble sleeping and relaxing while there.,had an incredible time with the sounds of the city.,was exhausted from the humidity and weather.
